cost_code,equipment,manufacturer,specification,capacity,hp,notes,unit,rate
8010,Air Compressor,Miscellaneous Tank Mounted Air Compressors 80/25,41 CFM,41 CFM,to 10,Hoses included.,Hour,1.8
8011,Air Compressor,Multiquip DIS100SSK4F,103 CFM,103 CFM,to 30,Hoses included.,Hour,20.23
8012,Air Compressor,Sullivan-Palatek D130Q6IZ,130 CFM,130 CFM,to 50,Hoses included.,Hour,27.71
8013,Air Compressor,Grimmer-Schmidt 175,175 CFM,175 CFM,to 90,Hoses included.,Hour,26.29
8014,Air Compressor,Sullivan-Palatek D375QH6CA,400 CFM,400 CFM,to 145,Hoses included.,Hour,58.41
8015,Air Compressor,Grimmer-Schmidt 800,575 CFM,575 CFM,to 230,Hoses included.,Hour,105.25
8016,Air Compressor,Ingersoll Rand XP1200WCU,1100 CFM,1100 CFM,to 355,Hoses included.,Hour,187.83
8017,Air Compressor,Sullair 1600DTQCA,1600 CFM,1600 CFM,to 500,Hoses included.,Hour,200.97
8040,Ambulance,,GVW 8600 Pounds,,to 150,,Hour,31.69
8041,Ambulance,,GVW 11000 Pounds,,to 210,,Hour,38.68
8050,"Board, Arrow",Miscellaneous Trailer mounted Arrow Boards,,,to 8,Trailer Mounted.,Hour,5.15
8051,"Board, Message",Miscellaneous CMSBBI,,,to 5,Trailer Mounted.,Hour,11.18
8060,"Auger, Portable",Miscellaneous One Man Wheel Mount,16 In,16 In,to 6,,Hour,1.99
8061,"Auger, Portable",Miscellaneous Portable Earth Auger,18 In,18 In,to 13,,Hour,4.89
8062,"Auger, Tractor Mntd",Miscellaneous TLB Auger Mount,36 In,36 In,to 13,"Includes digger, boom & mounting hardware",Hour,2.94
8063,"Auger, Truck Mntd",Miscellaneous DH-Avg,24 In,24 In,to 100,8'x8'x10' Drophammer,Hour,50.79
8064,Hydraulic Post Driver,Miscellaneous VIB-Avg,24 In,24 In,to 100,Hyd. Impact Hammer,Hour,53.97
8065,Auger,Horizontal Directional Boring Machine,250 X 100,250 X 100,to 300,DD-140B YR-2003,Hour,251.58
8067,"Auger, Directional Boring Machine",Miscellaneous 7K - Horizontal Drilling Machines,"7,000 lbs","7,000 lbs",to 25,Corrected to use Misc. 7K,Hour,87.45
8067.1,Directional Boring Machine,Vermeer D24X40A (disc. 2001),Spindle Torque 4000 ft/lb,Spindle Torque 4000 ft/lb,125,,Hour,210.47
8068,Bush Hog,New Holland 272GMS,72-IN cutting width,,,,Hour,18.8
8069,Bush Hog,Vermeer MC3700,12-FT cutting width,,,,Hour,29.22
8069.1,Bush Hog,Bush Hog 2820 Average Retail Rental Rates,85-IN cutting width,,,,Hour,45.42
8070,"Automobile, Sedan",2023 Dodge Charger SXT,"Pentastar 3.6L V-6 DOHC, variable valve control, regular unleade",,,,Mile,0.7
8071,"Automobile, Pick-up",2023 RAM 1500 Tradesman,"Pentastar 3.6L V-6 DOHC, variable valve control, regular unleade",,,,Hour,15.29
8073,"Automobile, Police",2023 Dodge Charger Pursuit,Enigne: 3.6L V6 or 5.7L V8 HEMI Transmission: 8 Speed,,,,Hour,19.14
8074,"Automobile, Police",2024 Dodge Durango Pursuit,AWD 3.6L V6 24V VVT Pentastar Engine with ESS Transmission: 8 Speed Automatic 850RE Transmission,,,,Hour,19.19
8075,"Motorcycle, Police",2023 BMW R 1250 RT-P,,,,,Hour,9.53
8075.1,"Motorcycle, Police",2023 BMW R 1250 RT-P,,,,,Mile,0.68
8076,"Automobile, SUV Mid Size",2023 Ford Explorer XLT,"EcoBoost 2.3L I-4 gasoline direct injection, DOHC, variable valv",,,,Hour,16.1
8077,"Automobile, SUV Full Size",2023 Ford Expedition XLT,3.5L V6 24V PDI DOHC Twin Turbo,,,,Hour,25.02
8078,MRAP Armored Rescue Vehicle,Military Surplus Vehicle,Military Surplus Vehicle,,375-450,,Hour,73.37
8079,MRAP C-MTV,gvwr 55000 Lbs,gvwr 55000 Lbs,,to 350,,Hour,63.32
8080,All Terrain Vehicle,Polaris Ranger SP 570,2 Seat with bed box,up to 600CC,up to 50,New,Hour,16.72
8081,All Terrain Vehicle,Polaris Ranger SP 570,4 Seat with bed box,up to 600CC,up to 50,New,Hour,17.45
8082,All Terrain Vehicle,Polaris Sportsman 850 Mud Edition,Single seater,up to 850CC,up to 80,New,Hour,18.22
8083,All Terrain Vehicle,Polaris Sportsman 1000 Mud Edition,Single seater,up to 1000CC,up to 90,New,Hour,20.41
8084,All Terrain Vehicle,Polaris General XP 1000,2 seater,up to 1000CC,up to 100,New,Hour,27.9
8085,All Terrain Vehicle,Polaris General XP 1000,4 seater,up to 1000CC,up to 100,New,Hour,30.09
8086,All Terrain Vehicle,Polaris Expedition,2 seater closed cab,up to 1000CC,up to 125,new,Hour,34.47
8087,All Terrain Vehicle,Polaris Expedition ADV 5,5 seater closed cab,up to 1000CC,up to 125,New,Hour,37.39
8088,Drone Atomizer (Sprayer),DJI AGRAS T50,"Drone comes with Liquid and Dry tanks, batteries, software and other necessary equipment to operate.",100 pounds Dry & 40 Liters Liquid,,new,Hour,26.27
8088.1,Drone Surveillance,Surveillance Drone,Parrot ANAFI USA GOV EDITION,,,New,Hour,11.3
8111,"Barge, Deck",Miscellaneous 300 - Deck Cargo Barges,50'x35'x9',50'x35'x9',N/A,Push by Tug-Boat,Hour,48.28
8112,"Barge, Deck",Miscellaneous Deck 1100 - Deck Cargo Barges,120'x45'x10-FT,120'x45'x10-FT,N/A,Push by Tug-Boat,Hour,95.52
8113,"Barge, Deck",Miscellaneous 1250 - Deck Cargo Barges,140'x45'x10-FT,140'x45'x10-FT,N/A,Push by Tug-Boat,Hour,103.95
8120,"Boat, Tow",Miscellaneous 55 - Tow Boats,50' - 64',50' - 64',to 870,Steel,Hour,518.33
8121,"Boat, Tow",Miscellaneous 60 21 - Tow Boats,50' - 64',50' - 64',to 1050,Steel,Hour,607.29
8122,"Boat, Tow",Miscellaneous 70 30 - Tow Boats,65' - 99',65' - 99',to 1350,Steel,Hour,932.62
8123,"Boat, Tow",Miscellaneous 120 - Tow Boats,100' - 124'',100' - 124'',to 2000,Steel,Hour,1729.83
8124,Airboat,815 AGIS Airboat w/spray unit,,,556,,Hour,36.78
8125,Airboat,815 AGIS Airboat w/spray unit,,,450,,Hour,33.2
8126,Swamp Buggy,ARGO Conquest 800 Outfitter,,,36,,Hour,41.97
8129,"Compactor, 2-ton pavement roller",Bid-well 2450,to 76',to 76',to 40,,Hour,28.55
8130,"Boat, Row",Miscellaneous Rowboat,,,N/A,Heavy duty.,Hour,1.09
8131,"Boat, Runabout",Marine Equipment Runabouts - 13,,,60,,Hour,13.38
8132,"Boat, Tender",Marine Equipment Tenders - 12,to 16',to 16',to 100,Inboard with 360 degree drive.,Hour,19.45
8133,"Boat, Push",Miscellaneous 400 - Push Boats,to 49',to 49',to 435,Flat hull.,Hour,215.37
8134,"Boat, Push",Miscellaneous 525 - Push Boats,50' - 74',50' - 74',to 525,Flat hull.,Hour,267.75
8135,"Boat, Push",Miscellaneous 705 - Push Boats,50' - 74',50' - 74',to 705,Flat hull.,Hour,482.92
8136,"Boat, Push",Miscellaneous 870 - Push Boats,50' - 74',50' - 74',to 870,Flat hull.,Hour,558.97
8137,"Boat, Debris Removal Skiff",Debris Removal Skiff,Length 48',Length 48',to 200,New 2023 rate,Hour,164.32
8138,"Boat, Jet","Boat, Jet (Woolridge Xtra Plus Inboard)","Length 20' 4""","Length 20' 4""",to 100,Shallow Draft,Hour,10.87
8140,"Boat, Tug",Miscellaneous 100 - Inland Tug Boats,Length 16',16',to 100,Shallow Draft,Hour,74.2
8141,"Boat, Tug",Miscellaneous 175 - Inland Tug Boats,Length 18',18',to 175,With Steering Nozzle,Hour,95.34
8142,"Boat, Tug",Miscellaneous 250 - Inland Tug Boats,Length 26',26',to 250,With Steering Nozzle,Hour,134.25
8143,"Boat, Tug",Miscellaneous 380 - Inland Tug Boats,Length 40',40',to 380,Standard Rudder,Hour,244.03
8144,"Boat, Tug",Miscellaneous 700 - Inland Tug Boats,Length 51',51',to 700,Twin Screw,Hour,390.09
8145,Jet Ski,Yamaha VX,Gasoline,Gasoline,,,Hour,9.06
8147,"Boat, Inflatable Rescue Raft",Zodiac C310 Solid 10 2?,,Diesel,,,Hour,0.93
8148,"Boat, Runabout",Marine Equipment Runabouts - 13,Gasoline,Gasoline,,,Hour,64.8
8149,"Boat, removable engine",2000 Johnson Outboard Motor,Gasoline,Gasoline,,,Hour,2.03
8149.1,"Boat, Recreational",Outboard motor,Center console with up to 3 outboard motors,36' long,,,Hour,48.65
8149.2,"Boat, Recreational",Outboard motor,Center console with up to 2 outboard motors,36' long,,,Hour,44.02
8149.3,"Boat, Police",Length 25',"Full Cabin Boat for patrols, response, port security, law enforcement and search and rescue (SAR). Boat can be equiped with various brand and tupe outboard motors.",25' long,,,Hour,34.5
8150,Self Propelled Pavement Brooms,Lay-Mor 6HC/8HC,,,to 37,,Hour,53.65
8151,"Broom, Pavement, Mounted",Miscellaneous TRAC MOUNT PTO DRIVE - For Mounting Pavement Brooms,"72""","72""",,,Hour,4.07
8153,Self Propelled Pavement Brooms,Broce RC-350 (disc. 2011),"96""","96""",to 100,Add Prime Mover cost for total rate,Hour,5.49
8154,"Broom, Pavement, Pull",Miscellaneous TRACTION PT - Pull Type Pavement Brooms,"84""","84""",to 20,,Hour,40.44
8154.1,Skid Steer for Broom,Bobcat 453 (disc. 2001),,,,,Hour,24.86
8155,Self Propelled Pavement Brooms,Terramite TSS46,6 or 8-FT broom heads,,to 35,,Hour,35.65
8157,"Sweeper, Pavement",Elgin - Pelican SE,"66"" & 36"" broom widths, 3.6-CY hopper",,to 110,,Hour,100.34
8158,"Sweeper, Pavement",Five Star - Broom Bear,"Max 120 sweep width, 4.5-CY hopper",,to 230,,Hour,123.69
8180,Bus,,,,185,,Hour,32.34
8181,Bus,,,,100,,Hour,31.26
8182,Bus,,,,230,,Hour,53.7
8183,Blower,,,,27,,Hour,20.63
8183.1,Mosquito Sprayer,Adapco - Guardian 95 ES,to 186 CFM,,,,Hour,18.19
8184,Back-pack Blower,,,,,,Hour,7.22
8185,Walkbehind Blower,,,,13,,Hour,2.06
8187,Chainsaw,"Bar Length = 20""",3.0 cu in,3.0 cu in,to 3,Heavy Duty,Hour,3.23
8188,Chainsaw,"Bar Length = 20""",5.0 cu in,5.0 cu in,to 6,Heavy Duty,Hour,3.65
8189,Chainsaw,"Bar Length = 20""",6.0 cu in,6.0 cu in,to 7,Heavy Duty,Hour,1.72
8190,Chainsaw,"Bar Length = 16""",2.5 cu in,2.5 cu in,to 2,Light Duty,Hour,1.71
8191,Chainsaw,"Bar Length = 25""",7.0 cu in,7.0 cu in,to 9,Heavy Duty,Hour,4.81
8192,"Chainsaw, Pole","Bar Length = 18""",,,N/A,Hydraulic,Hour,2.52
8193,"Skidder, Log",2023 DEERE 648L II,,,to 237,,Hour,113.03
8194,"Skidder, Log",2022 DEERE 748L II,,,to 263,,Hour,210.67
8195,"Cutter, Brush",2023 Barko 930B Wheel Mulcher,,,to 320,,Hour,174.37
8198,"Buncher, Cutter",Caterpillar 511 Feller Buncher,26.6 ft reach,,to 247,,Hour,155.7
8199,Log Trailer,Log Trailer (Fixed Gooseneck Trailer Level 3 40),40 tons,,,,Hour,14.41
8199.1,Log Splitter,PowerPro 25-Ton Log Splitter,,Kohler SH265 196cc 6.5 Gross HP Horizontal Engine,6.5,Trailer Mounted.,Hour,6.48
8200,"Chipper, Brush",Vermeer BC900XL Brush Chipper,,Material Capacity 9 in Thickness 1 in Diameter 33 in,35,Trailer Mounted.,Hour,24.04
8201,"Chipper, Brush",Vermeer BC1000XL Brush Chipper,,Material Capacity 12 in Width 20 in Thickness .4 in Diameter 20 in,74,Trailer Mounted.,Hour,29.7
8202,"Chipper, Brush",Vermeer BC1500 Brush Chipper,,Material Capacity 15 in Width 22 in Thickness .4 in Diameter 22.5 in,130,Trailer Mounted.,Hour,54.11
8203,"Chipper, Brush",Vermeer BC1800XL Brush Chipper,,Material Capacity 19 in Width .5 in Thickness 26.1 in Diameter 36 in,173,Trailer Mounted.,Hour,74.92
8208,Loader - Tractor - Knuckleboom,2022 Barko 595ML Crawler Mounted Log Loader,"7,770 lbs (32' radius) to 38,180 lbs 12' radius",,,,Hour,150.01
8210,"Clamshell & Dragline, Crawler",2023 TADANO MANTIS GTC 700,"70 Ton Tele Crawler 118 Feet of Main Boom Cummins Diesel Engine 36"" Track Pads Two Winches With 3/4 Wire Rope Tadano AML LMI System",70 Ton,to 260,Bucket not included in rate.,Hour,127.42
8211,"Clamshell & Dragline, Crawler",Tadano GT-1200XL-2,"Specs - MAX. CRANE CAPACITY: 120 USt - MAIN BOOM LENGTH: 41 ft 167.3 ft - BOOM EXTENSION: 33.8 ft 58.7 ft - MAX. COUNTERWEIGHT: 55,100 lbs - OUTRIGGER BASES: 23,5 ft x 19,6 ft - HOIST LINE PULL: 21,800 lbs - MAX RADIUS: 185 ft - MAX. MAIN BOOM LENGTH: 167.3 ft - GVM: 89,900 lbs - DIMENSIONS: 48.56 ft L x 8.5 ft W x 12.3 ft H - ENGINE: Cummins X12",120 Ton,to 520,Bucket not included in rate.,Hour,202.51
8212,"Clamshell, Truck mounted",American 5530,"to 150,000 lbs",,to 240,,Hour,114.56
8218,BOMAG Compactor,BW100AD-3,,,to 33,,Hour,45.79
8219,Compactor -2-Ton Pavement Roller,Single Drum Vibratory Compactor,,,,,Hour,33.24
8220,"Compactor, Hand Held",Miscellaneous Hand Held Vibratory Compactor,,to 2.9 Ton,to 28,,Hour,15.52
8221,"Compactor, towed, vibratory drum",Blue Diamond Skid Steer Vibratory Roller | Smooth or Pad Foot,"Smooth Drum Width 84""",,,Plus Skid Steer,Hour,27.01
8222,"Compactor, vibratory drum",2013 BOMAG BW-120AD-4 (disc. 2013),"Drum Width 47.2""","Drum Width 47.2""",to 75,,Hour,39.01
8223,"Compactor, pnuematic, wheel",BOMAG BW11-RH,"68"" width",,to 100,Cummins 4B3.3TA 85-HP Engine,Hour,114.91
8224,Vibratory Compactor,CATERPILLAR CP-563D (disc. 2003),"Drum Width 51""","Drum Width 51""",to 145,Single Drum,Hour,124.72
8225,"Compactor, Sanitation",Caterpiller 816,,12 FT Blade,284,,Hour,197.35
8226,"Compactor, Sanitation",Caterpiller 826,,14 FT Blade,435,,Hour,243.88
8227,"Compactor, Sanitation",Caterpiller 836,,17 FT Blade,562,,Hour,400.69
8228,"Compactor, towed, pneumatic, wheel",Miscellaneous,,,N/A,11-Wheels (Towed),Hour,14.94
8229,"Compactor, Towed Steel Drum Static Compactor",Miscellaneous,,,N/A,,Hour,21.5
8240,"Feeder, Grizzly","Misc Vibratory Grizzly Feeder, 35"" x 14', single deck",,,to 35,,Hour,23.01
8241,"Feeder, Grizzly","Misc Vibratory Grizzly Feeder, 52"" x 20', single deck",,,to 55,,Hour,29.27
8242,"Feeder, Grizzly","Misc Vibratory Grizzly Feeder, 62"" x 30', double deck",,,to 75,,Hour,60.04
8250,"Dozer, crawler",CAT D1,,,to 80,,Hour,60.28
8251,"Dozer, crawler",CAT D3,,,to 104,,Hour,74.1
8252,"Dozer, crawler",CAT D4,,,to 130,,Hour,99.7
8253,"Dozer, crawler",CAT D6,,,to 215,,Hour,160.75
8254,"Dozer, crawler",CAT D8,,,to 363,,Hour,242.63
8255,"Dozer, crawler",CAT D9,,,to 452,,Hour,360.3
8256,"Dozer, crawler",CAT D11,,,to 850,,Hour,550.14
8260,"Dozer, wheel",CAT 814,,,Tto 250,,Hour,106.02
8261,"Dozer, wheel",CAT 824,,,to 405,,Hour,170.28
8262,"Dozer, wheel",CAT 834,,,to 496,,Hour,308.97
8263,"Dozer, wheel",CAT 844,,,to 732,,Hour,402.76
8269,Box Scraper,"84"" Rome Model 5C Pull Scraper",4.1 cu yd,,,,Hour,18.41
8270,"Bucket, Clamshell",Heiden HC30133 Super Clamshell Bucket,1.0 CY,1.0 CY,N/A,Includes teeth. Does not include Clamshell & Dragline,Hour,3.65
8271,"Bucket, Clamshell",Anvil Attachments 3 Yard Clamshell Bucket,3 CY,4 CY,N/A,Includes teeth. Does not include Clamshell & Dragline,Hour,6.8
8272,"Bucket, Clamshell",Anvil Attachments 5 Yard Clamshell Bucket,5.0 CY,5.0 CY,N/A,Includes teeth. Does not include Clamshell & Dragline,Hour,10.19
8273,"Bucket, Clamshell",Miscellaneous 7-1/2S,7.5 CY,7.5 CY,N/A,Does not include Clamshell & Dragline,Hour,15.09
8275,"Bucket, Dragline",Miscellaneous 2L,2.0 CY,2.0 CY,N/A,Does not include Clamshell & Dragline,Hour,3.36
8276,"Bucket, Dragline",Miscellaneous 5L,5 CY,5 CY,N/A,Does not include Clamshell & Dragline,Hour,6.49
8277,"Bucket, Dragline",Miscellaneous 10L,10 CY,10 CY,N/A,Does not include Clamshell & Dragline,Hour,11.81
8278,"Bucket, Dragline",Miscellaneous 14M,14 CY,14 CY,N/A,"Crawler, Truck & Wheel. Includes bucket.",Hour,16.53
8280,"Excavator, Hydraulic",Caterpillar 305 CR,,,to 45,"Crawler, Truck & Wheel. Includes bucket.",Hour,57.14
8281,"Excavator, Hydraulic",Caterpillar 313 GC,,,to 90,"Crawler, Truck & Wheel. Includes bucket.",Hour,95.01
8282,"Excavator, Hydraulic",Caterpillar 320 GC,,,to 150,"Crawler, Truck & Wheel. Includes bucket.",Hour,107.93
8283,"Excavator, Hydraulic",Caterpillar 330 GC,,,to 201,"Crawler, Truck & Wheel. Includes bucket.",Hour,150.99
8284,"Excavator, Hydraulic",Caterpillar 340 GC,,,to 350,"Crawler, Truck & Wheel. Includes bucket.",Hour,291.49
8285,"Excavator, Hydraulic",Caterpillar 395,,,to 550,"Crawler, Truck & Wheel. Includes bucket.",Hour,336.18
8287,"Excavator, Truck Mounted",2008 Gradall XL 3100 III (disc. 2011),0.57 CY,0.57 CY,to 184,Truck Mounted,Hour,215.34
8288,"Excavator, Truck Mounted",2003 Gradall XL 4100 III (Disc. 2011),0.62 CY,0.62 CY,to 238,Truck Mounted,Hour,315.08
8289,"Excavator, Truck Mounted",2006 Gradall XL 5100 (disc. 2006),1.25 CY,1.25 CY,to 230,Truck Mounted,Hour,351.11
8290,"Trowel, Concrete",Husqvarna 48 in Gasoline Walk Behind Trowel,48 IN,,to 12,48 In,Hour,5.32
8300,Forklift,Toyota 50-8FGU30,"6,000 Lbs","6,000 Lbs",to 60,,Hour,21.18
8301,Forklift,Toyota 50-8FG50U,"11,000 Lbs","11,000 Lbs",to 90,,Hour,24.75
8302,Forklift,Toyota 50-8FG80U,"17,500 Lbs","17,500 Lbs",to 140,,Hour,29.06
8303,Forklift,Taylor TE-450M (disc. 1998),"45,000 lbs","50,000 lbs",to 215,,Hour,90.72
8306,Fork Lift material handler,Caterpillar TL 642,"6,500 lbs","6,500 LBS",to 74,,Hour,94.49
8307,Fork Lift material handler,Caterpillar TL 943,"9,000 Lbs","9,000 Lbs",to 111,,Hour,116.27
8308,Fork Lift material handler,Caterpillar TL1255,"12,000 lbs","12,000 lbs",to 134,,Hour,123.49
8310,Generator,"Miscellaneous GAS 5,5 KW",5.5 KW,,,,Hour,6.78
8311,Generator,Miscellaneous DIESEL 17 KW,17 KW,,,,Hour,8.12
8312,Generator,Miscellaneous DIESEL 25 KW,20 KW,,,,Hour,28.15
8313,Generator,Miscellaneous DIESEL 40 KW,40 KW,,,,Hour,41.55
8314,Generator,Miscellaneous DIESEL 45 KW,47.5 kW,,,,Hour,42.45
8315,Generator,Miscellaneous DIESEL 100 KW,100 KW,,,,Hour,62.08
8316,Generator,Miscellaneous DIESEL 150 KW,150 KW,,,,Hour,70.76
8317,Generator,Miscellaneous DIESEL 225 KW,210 KW,,,,Hour,100.05
8318,Generator,Miscellaneous DIESEL 300 KW,280 KW,,,,Hour,119.63
8319,Generator,Miscellaneous DIESEL 350 KW,350 KW,,,,Hour,172.46
8320,Generator,Miscellaneous DIESEL 400 KW,400 KW,,,,Hour,219.49
8321,Generator,Miscellaneous DIESEL 500 KW,500 KW,,,,Hour,392.87
8322,Generator,Miscellaneous DIESEL 700 KW,700 KW,,,,Hour,578.9
8323,Generator,Miscellaneous DIESEL 800 KW,800 KW,,,,Hour,626.66
8324,Generator,Miscellaneous DIESEL 900 KW,900 KW,,,,Hour,685.25
8325,Generator,Miscellaneous DIESEL 1000 KW,1000 KW,,,,Hour,748.86
8326,Generator,Caterpillar XQC1200 (Enclosed),1150 KW,,,,Hour,778.27
8327,Generator,Miscellaneous DIESEL 1500 KW,1500 KW,,,,Hour,844.15
8328,Generator,"Generator, 2,500 KW",2500 KW,,,,Hour,983.59
8329,Generator,Cummins QSK95 C3250D6E,3000 KW,,,,Hour,1024.88
8331,Graders,CAT 120,12 Ft,12 Ft,to 171,Includes Rigid and Articulate equipment.,Hour,131.96
8332,Graders,CAT 140,12 FT,12 FT,to 196,Includes Rigid and Articulate equipment.,Hour,159.04
8333,Graders,CAT 160,14 Ft,14 Ft,to 290,Includes Rigid and Articulate equipment.,Hour,231.47
8334,Graders,CAT 18,18 Ft,18 Ft,to 304,Includes Rigid and Articulate equipment.,Hour,281.33
8335,Widener Attachment,Loader or Grader Propelled,Widener Attachment,10' Max Spread Width,49,,Hour,10.13
8350,"Hose, Discharge","Discharge Hose, 3-IN",3 In Discharge Diameter 50 foot,3 In Discharge Diameter,N/A,Per 50 foot length. Includes couplings.,Hour,0.15
8351,"Hose, Discharge","Discharge Hose, 4-IN",4 in Discharge Diameter 50 foot,4 in Discharge Diameter,N/A,Per 50 foot length. Includes couplings.,Hour,0.23
8352,"Hose, Discharge","Discharge Hose, 6-IN",6 In Discharge Diameter 50 foot,6 In Discharge Diameter,N/A,Per 50 foot length. Includes couplings.,Hour,0.58
8353,"Hose, Discharge","Discharge Hose, 8-IN",8 In Discharge Diameter 50 foot,8 In Discharge Diameter,N/A,Per 50 foot length. Includes couplings.,Hour,0.65
8354,"Hose, Discharge","Discharge Hose, 12-IN",12 In Discharge Diameter,12 In Discharge Diameter,N/A,Per 50 foot length. Includes couplings.,Hour,0.95
8355,"Hose, Discharge","Discharge Hose, 16-IN",16 In Discharge Diameter,16 In Discharge Diameter,N/A,Per 50 foot length. Includes couplings.,Hour,1.79
8356,"Hose, Suction",Suction Hose - SH-3/25,3 In Diameter,3 In Diameter,N/A,Per 50 foot length. Includes couplings.,Hour,0.27
8357,"Hose, Suction",Miscellaneous SH-4/25,4 In Diameter,4 In Diameter,N/A,Per 50 foot length. Includes couplings.,Hour,0.32
8358,"Hose, Suction",Miscellaneous SH-6/25,6 In Diameter,6 In Diameter,N/A,Per 50 foot length. Includes couplings.,Hour,1.06
8359,"Hose, Suction","Suction Hose, 8-IN",8 In Diameter,8 In Diameter,N/A,Per 50 foot length. Includes couplings.,Hour,1.14
8360,"Hose, Suction","Suction Hose, 12-IN",12 In Diameter,12 In Diameter,N/A,Per 50 foot length. Includes couplings.,Hour,1.72
8361,"Hose, Suction","Suction Hose, 16-IN",16 In Diameter,16 In Diameter,N/A,Per 50 foot length. Includes couplings.,Hour,3.25
8380,"Loader, Crawler",Bobcat MT120,,,to 25,Includes bucket.,Hour,36.92
8381,"Loader, Crawler",Bobcat T450,,,to 55,Includes bucket.,Hour,41.49
8382,"Loader, Crawler",Bobcat T86,,,to 105,Includes bucket.,Hour,62.38
8383,"Loader, Crawler",Caterpillar 963C 2022,3.2 cu yd,3 CY,to 178,Includes bucket.,Hour,197.79
8384,"Loader, Crawler",Caterpillar 973C (disc. 2010),4.19 cu yd,4 CY,to 238,Includes bucket.,Hour,254.71
8390,"Loader, Wheel",Gehl 280 (disc. 2009),0.7 cu yd,0.5 CY,to 38,,Hour,36.72
8391,"Loader, Wheel",Bobcat L85,,,to 68,Includes bucket.,Hour,58.08
8392,"Loader, Wheel",Caterpillar 910,,,to 110,Includes bucket.,Hour,64.66
8393,"Loader, Wheel",Caterpillar 926,,,to 170,Includes bucket.,Hour,116.74
8394,"Loader, Wheel",Deere 644K - 4WD (disc. 2019),4.2 cu yd,4 CY,232,,Hour,116.87
8395,"Loader, Wheel",Case 921C - 4WD (disc. 2008),5.0 cu yd,5 CY,255,,Hour,163.2
8396,"Loader, Wheel",Caterpillar 950,,,to 250,Includes bucket.,Hour,139.8
8397,"Loader, Wheel",Caterpillar 972,,,to 339,Includes bucket.,Hour,143.78
8398,"Loader, Wheel",Caterpillar 988,,,to 580,Includes bucket.,Hour,341.25
8399,"Tractor, Wheel",John Deere 6605 (disc. 2005),100 IN.,100 IN.,to 95,Does not include mower attachment. Flail Industrial towed mower would add $4.96/Hour,Hour,70.76
8400,"Tractor, Wheel",New Holland T6030 (disc. 2012),,,to 115,Tractor - agriculture all purpose,Hour,90.92
8401,"Loader, Tractor, Wheel",Case 580 SUPER L (disc. 2000),0.87 CY,0.87 CY,to 80,,Hour,92.56
8410,"Mixer, Concrete Portable",Menegotti Concrete Mixer Wheelbarrow Concrete Mixer,5.0 cu ft,5.0 CF,0.5,,Hour,1.95
8411,"Mixer, Concrete, Trailer Mntd",TK Equipment Hydraulic Mortar Mixer w/ Honda Engine,MODEL MM12 Batch Capacity bags 3 1/2 - 4 bags Total Capacity cu. ft. (Lt) 3.29 cu. ft (376) Mixing Capacity cu.ft. (Lt) 12 cu.ft (340),12 CF,to 5,,Hour,8.0
8412,"Mixer, Concrete, Trailer Mntd",TK Equipment Hydraulic Mortar Mixer w/ Honda Engine,MODEL HM 16 Batch Capacity Bags 4 - 5 bags Capacity Cu. Ft. (lts)16 cu.ft (453),16 CF,to 13,,Hour,17.49
8414,"Truck, Concrete Mixer",FREIGHTLINER 114SD with Cummins X12 455V diesel engine,11 CY Mixer,,350 to 500,,Hour,81.76
8419,"Breaker, Pavement Hand-held",Miscellaneous STANDARD 25-30 LBS,80 - 90 Lbs,90 Lbs,N/A,Includes bucket.,Hour,1.18
8420,"Breaker, Pavement",Arrow Master 1350,,,to 80,Includes bucket.,Hour,60.79
8421,"Vibrator, Concrete",44234,"2.5 in head, 16 ft shaft",,to 2,Electric Powered,Hour,2.58
8423,"Spreader, Chip",2010 Etnyre Quad Chip Spreader,2.8 CY,2.8 CY,to 260,,Hour,105.39
8424,"Spreader, Chip",2019 Rosco CSV,3.5 CY,3.8 CY,to 275,,Hour,150.91
8425,"Spreader, Chip, Mounted",8-CONVEYOR - Chip Spreaders for Tail Gate Mounting,8 Ft,8 Ft,to 8,Includes bucket.,Hour,4.07
8430,"Paver, Asphalt, Towed",Layton F-525,96-144 in screed width,,N/A,Includes bucket.,Hour,12.44
8431,"Paver, Asphalt",Caterpillar AP 455 Track,"Paving Range with SE47 FM 2.4 m - 5.9 m (8' - 19' 6"") Operating weight with SE47 FM 31533 lb Maximum Throughput Capacity 853 ton(US)/h",,120,,Hour,262.71
8432,"Paver, Asphalt",Caterpillar AP 555 Track,Paving Range with SE47 FM 2.4 m - 6.1 m (8' - 20') Operating weight with SE47 FM 33689 lb Maximum Throughput Capacity 1100 ton(US)/h,,148,,Hour,271.01
8433,"Paver, Asphalt",Caterpillar AP 655 Track,"Paving Range with SE47 FM 2.44 - 6.25 m (8' - 20' 6"") Operating weight with SE47 FM 40560 lb Maximum Throughput Capacity 1433 ton(US)/h",,173,,Hour,308.47
8434,"Paver, Asphalt",Caterpillar AP 500 Wheel,"Paving Range with SE47 FM 2.4 m - 5.9 m (8' - 19' 6"") Operating weight with SE47 FM 32012 lb Maximum Throughput Capacity 1100 ton(US)/h",,148,,Hour,274.31
8435,"Paver, Asphalt",Caterpillar AP 1000 Wheel,"Paving Range with SE60 FM 3 m - 7.8 m (10' - 25' 6"") Operating weight with SE60 FM 42620 lb Maximum Throughput Capacity 1766 ton(US)/h",,225,,Hour,295.49
8436,"Pickup, Asphalt",Cadarapids CR-MS-4 (disc. 2020),,,to 120,Includes bucket.,Hour,135.8
8437,"Pickup, Asphalt",Cedarapids CR MS-2,,,to 120,Includes bucket.,Hour,193.47
8438,"Pickup, Asphalt",Blaw Knox MC330 (disc. 2007),,,184 to 200,Includes bucket.,Hour,303.18
8439,"Pickup, Asphalt",Roadtec MTV-1000C,,MTV 1000C,to 275,Includes bucket.,Hour,472.05
8440,"Striper, Self Propelled",Graco LineLazer 3400 Airless Line Striper,Single Bucket,15 Gallon Bucket,to 5,Includes bucket.,Hour,14.75
8441,"Striper, Self Propelled","Graco LineLazer V 200DC Standard Line Striper, Dua",Dual Bucket,2x10 Gallon Buckets,to 6.5,Includes bucket.,Hour,23.62
8442,"Striper, Self Propelled",Graco LineLazer V 250DC,Dual Bucket,2x25 Gallon Buckets,to 13,Includes bucket.,Hour,45.28
8445,"Striper, Truck Mounted","Graco RoadLazer RoadPak HD System, Option HD3: 2-Pump, 1350 lb Bead Tank","1,350-pound bead tank","1,350-pound bead tank",to 19,Includes bucket.,Hour,43.79
8447,Paver Accessory - Belt Extension,Miscellaneous 30 X 60',"30"" x 60'","30"" x 60'",N/A,Includes bucket.,Hour,28.48
8450,"Plow, Snow, Mounted Grader",VP-10 - Grader Snow Removal Equipment,126 in (10.5-FT),to 10 Ft,N/A,8331 Grader not included,Hour,19.69
8451,"Plow, Snow, Mounted Grader",SW-14 - Grader Snow Removal Equipment,168 in (14-FT),to 14 Ft,N/A,8332 Grader not included,Hour,23.66
8452,"Plow, Truck Mounted",One Way Plow,13 Ft,to 15 Ft,N/A,8722 truck not included,Hour,13.8
8453,"Plow, Truck Mounted",V-Plow R11 Leveling Wing,11 Ft,to 15 Ft,N/A,With leveling wing. Include 8722 truck for total cost,Hour,29.92
8455,"Spreader, Sand",TAILGATE,"Tailgate, Chassis mounted","Tailgate, Chassis",PTO,Truck not included,Hour,5.6
8456,"Spreader, Sand",DUMP BODY,Dump Body mounted,Dump Body,PTO,Truck not included,Hour,7.73
8457,"Spreader, Sand",TRUCK MNT,"Truck Mounted, (10yd)",Truck (10yd),N/A,Truck not included,Hour,10.47
8458,"Spreader, Chemical",Miscellaneous 5 Spreader,5.0 cu yd,5 CY,to 4,Trailer & truck mounted.,Hour,6.47
8465,"Pump, Trash Pump","6"" Diesel Trash Pump Trailer Mount",6 In Pump,6 In Pump,to 23,"High flow trash pump delivers up to 59,400GPH",Hour,56.67
8466,"Pump, Trash Pump","4"" Diesel powered Trash Pump",4 In Pump,4 In Pump,to15,"High flow trash pump delivers up to 37,200GPH",Hour,27.38
8467,"Pump, Trash Pump","3"" Diesel powered Trash Pump",3 In Pump,3 In Pump,to 5,"High flow trash pump delivers up to 18,000GPH",Hour,13.06
8468,"Pump, Trash Pump","2"" Diesel powered Trash Pump",2 In Pump,2 In Pump,to 5,"High flow trash pump delivers up to 12,000GPH",Hour,9.31
8469,Pump - Stormwater Custom,Catepillar/Lufkin/Fairbanks-Morse,1740 CFS,,5400,,Hour,1743.1
8470,"Pump, Lightweight Centrifugal",6M Alum./PORT.,1.5 In pump,"2 In pump - 10,000 gal/hr.",to 4.5,"6,500 gph, Hoses not included.",Hour,3.1
8471,"Pump, Lightweight Centrifugal",8M Alum./PORT.,2 In Pump,"2 In Pump - 3,000 gal/hr.",to 6,"3,000 gph, Hoses not included.",Hour,3.09
8472,"Pump, Lightweight Centrifugal",18M ALUM./PORT.,3 In Pump,"3 In Pump - 18,000 gal/hr.",to 10,"18,000 gph, Hoses not included.",Hour,2.43
8473,"Pump, Heavy Duty Centrifugal",20M GASOLINE ELECTRIC START,3 In Pump,,15,,Hour,9.18
8474,"Pump, Electric Submersible",Miscellaneous 4 Three Phase 25 HP,4 In Pump,4 In Pump,to 25,Hoses not included.,Hour,8.2
8475,"Pump, Electric Submersible",Miscellaneous 6 Three Phase 35 HP,6 In Pump,,,,Hour,18.43
8476,"Pump, Centrifugal",40M GASOLINE ELECTRIC START,4 In Pump,4 In Pump,to 60,"40,000 gph, Hoses not included.",Hour,25.62
8477,"Pump, Centrifugal",90M GASOLINE ELECTRIC START Pump,6 In Pump,6 In Pump,to 95,"90,000 gph, Hoses not included.",Hour,33.54
8478,"Pump, Centrifugal",350M DIESEL ELECTRIC START Pump,12 In Pump,12 In Pump,to 140,"350,000 gph, Hoses not included.",Hour,34.82
8486,"Aerial Lift, Truck Mounted",2024 ALTEC AA55 MOUNTED ON 2024 FREIGHTLINER BUSINESS CLASS M2 106,Ground to Bottom of Platform*: 55.1 ft (16.8 m) Maximum Side Reach: 43.1 ft (13.1 m) Boom Articulation (Lower Boom): 0 to 120 Rotation: Continuous,55 FT,,Including Truck,Hour,62.86
8487,"Aerial Lift, Truck Mounted",2024 ALTEC AH85B MOUNTED ON 2024 FREIGHTLINER BUSINESS CLASS M2 106,Ground to Bottom of Platform*: 80 ft (24.4 m) Maximum Side Reach: 48 ft (14.6 m) Boom Articulation (Lower Boom): 0 to 95 Rotation: Continuous,80 FT,,Including Truck,Hour,65.87
8488,"Aerial Lift, Truck Mounted",2018 ALTEC AN67-E100 MOUNTED ON 2018 INTERNATIONAL WORKSTAR 7400,Ground to Bottom of Platform* 100 ft (30.5 m) Maximum Side Reach:52.7 ft (16.1 m) Boom Articulation (Lower Boom): 0 to 120 Rotation: Continuous,100 FT,,Including Truck,Hour,68.03
8489,"Aerial Lift, Truck Mounted",2018 ALTEC AH125 MOUNTED ON 2018 FREIGHTLINER BUSINESS CLASS M2 112,Ground to Bottom of Platform*: 120 ft (36.6 m) Maximum Side Reach: 50.4 ft (15.4 m) Boom Articulation (Lower Boom): 0 to 87 Rotation: ContinuousRotation: Continuous,120 FT,,Including Truck,Hour,78.43
8490,"Aerial Lift, Self Propelled",JLG 340AJ Articulating Boom Lift,Horizontal Outreach:19 ft 11 in Platform Capacity Unrestricted:500 lb Max Platform Height:33 ft 10 in,33 FT,25,,Hour,38.27
8491,"Aerial Lift, Self Propelled",JLG 450AJ HC3 Articulating Boom Lift,"Horizontal Outreach: 25 ft 0 in Max Platform Capacity: 1,000 lb Max Platform Height: 45 ft 0 in",45 FT,60,,Hour,48.28
8492,"Aerial Lift, Self Propelled",JLG 600AJ HC3 Articulating Boom Lift,"Horizontal Outreach: 40 ft 6 in Max Platform Capacity: 1,000 lb Max Platform Height: 60 ft 0 in",60 FT,84,,Hour,59.1
8493,"Aerial Lift, Self Propelled",JLG 800AJ HC3 Articulating Boom Lift,"Horizontal Outreach: 52 ft 3 in Max Platform Capacity: 1,000 lb Max Platform Height: 80 ft 4 in",80 FT,84,,Hour,65.19
8494,"Aerial Lift, Self Propelled",JLG 1250AJP Articulating Boom Lift,"Horizontal Outreach: 63 ft 2 in Max Platform Capacity: 1,000 lb Max Platform Height: 125 ft 8 in",125 FT,75,,Hour,151.13
8495,"Aerial Lift, Self Propelled",JLG 1500AJP Articulating Boom Lift,"Horizontal Outreach: 75 ft 0 in Max Platform Capacity: 1,000 lb Max Platform Height: 150 ft 0 in",150 FT,100,,Hour,176.48
8496,"Crane, Truck Mounted",2025 MANITEX 1970C MOUNTED ON 2025 PETERBILT 537,"19,000 LBS","19,000 LBS",to 240,,Hour,48.09
8497,"Crane, Truck Mounted",2024 MANITEX 2281T MOUNTED ON 2024 PETERBILT 567,"46,000 LBS","46,000 LBS",to 510,,Hour,53.07
8498,"Crane, Truck Mounted",2024 MANITEX 30100C MOUNTED ON 2024 PETERBILT 548,"60,000 LBS","60,000 LBS",to 510,,Hour,83.67
8500,"Crane, Yard",2013 SHUTTLELIFT CD5520,20 ton capacity,20 ton capacity,to 100,,Hour,113.69
8501,"Crane, Rough Terrain",Broderson RT-300-2C,29983 lbs/15 tons,,155,,Hour,293.14
8502,"Crane, All Terrain",2007 GROVE GMK2035E,69886 lbs/34.9 tons,,157,,Hour,226.1
8503,"Crane, All Terrain",2006 GROVE GMK3055,119931 lbs/60 tons,,349,,Hour,285.76
8504,"Crane, Crawler Mounted Lattice Boom",American HC-125 (disc. 2004),250004 lbs/125 tons,,245,,Hour,338.94
8510,"Saw, Concrete",Miscellaneous 4.6-14MC,14 In,14 In,to 14,,Hour,12.69
8511,"Saw, Concrete",Diamond CC6571D DIESEL LIQUID COOLED WALK BEHIND SAW,Interchangable Blade,14 to 42 IN,to 71,,Hour,27.6
8512,"Saw, Concrete",Diamond CC9074DK Deep Cut Saw,60 IN,60 IN,to 74,,Hour,50.69
8514,"Chain Trencher, Wheel Mounted",Vermeer V120,60 in depth,31 in depth,to 116,60 in depth. Now saved in EW as V120.,Hour,286.18
8517,Jackhammer (dry),Miscellaneous 25DRY,25 lbs,25,Air,Pneumatic Powered,Hour,1.64
8518,Jackhammer (wet),Miscellaneous 30WET,30 lbs,30,Air,Pneumatic Powered,Hour,1.68
8521,Scraper,Caterpillar 631 (2019),34 yard,,to 570,Includes bucket.,Hour,341.78
8522,Scraper,Caterpillar 651,44 yard,,to 629,Includes bucket.,Hour,504.75
8524,Scraper,Caterpillar 621 (2012),24 yard,,to 407,Includes bucket.,Hour,221.18
8540,"Loader, Skid Steer",Bobcat S70,,,to 24,Includes bucket.,Hour,31.06
8541,"Loader, Skid Steer",Bobcat S76,,,to 74,Includes bucket.,Hour,45.23
8542,"Loader, Skid Steer",Bobcat S86,,,to 105,Includes bucket.,Hour,60.67
8549,"Snow Plower, Salt Spreader",Henderson FSH-I Spreader,8.9 CY,8.9 CY,3.5,Includes bucket.,Hour,16.96
8550,"Snow Blower, Truck / loader Mounted",WAUSAU SNOGO LR-44,114 in Cutting Width,114 in Cutting Width,325,,Hour,83.95
8551,"Snow Blower, Truck Mounted",WAUSAU SNOGO 2000,102 in Cutting Width,102 in Cutting Width,218,,Hour,111.34
8552,"Snow Blower, Truck Mounted",WAUSAU SNOGO 3000,114 in Cutting Width,114 in Cutting Width,300,,Hour,136.98
8553,"Snow Blower, Truck Mounted",WAUSAU SNOGO 4000,120 in Cutting Width,120 in Cutting Width,400,,Hour,162.44
8558,"Snow Thrower, Walk Behind",Toro Power Max 826 OE (37780),40 ft throwing distance,,5,Includes bucket.,Hour,3.69
8559,"Snow Thrower, Walk Behind",Toro 74523 MultiForce 60-in Blower,,,TO 25,,Hour,16.79
8559.1,SnowBroom,1995 Oshkosh H-2518 Airport Runway Sweeper with 18' MB sweeper head,,,450-500,,Hour,246.37
8560,"Snow Blower, Self Propelled",RPM Tech TM36R Self-Propelled Snow Blower,"3,500 Ton / hr","3,500 Ton / hr",to 385,,Hour,189.9
8561,"Snow Blower, Self Propelled",RPM Tech TM42R Self-Propelled Snow Blower,"4,800 Ton / hr","4,800 Ton / hr",to 450,,Hour,171.31
8561.1,Snow Blower,MTE Snow Mauler,,,,,Hour,317.59
8561.2,Snow Blower,Vammas PSB 4500MTE,,,,,Hour,331.33
8563,The Vammas 4500,Snow Remover,Working width 4.5 m,,385,Includes bucket.,Hour,298.64
8564,The Vammas 5500,Snow Remover,Working width 5.5 m,,460,Includes bucket.,Hour,328.24
8565,Oshkosh Pavement Sweeper,2005 Oshkosh H-Series Runway Broom (Model HB-2723),,,420,Includes bucket.,Hour,245.82
8569,Dust Control De-ice Unit,Hydro Pump with 100-ft of 1/2-in hose,,,,,Hour,4.69
8572,"Loader-Backhoe, Wheel",CAT Center-Pivot Backhoe Loader 420,Net Power - SAE J1349 92 HP (68 kW) / 103 HP (76 kW) Dig Depth - Standard 14 ft Operating Weight - Maximum 24251 lb,14 FT,103,,Hour,110.03
8573,"Loader-Backhoe, Wheel",CAT Center-Pivot Backhoe Loader 450,Net Power - SAE J1349:2011 131 hp Dig Depth - Standard 17 ft Operating Weight - Maximum 29321 lb,17 FT,131,,Hour,128.68
8580,"Distributor, Asphalt",2008 LEEBOY L500,550 gal,550 gal,16,,Hour,14.97
8581,"Distributor, Asphalt",Miscellaneous 1000G,1000-gal,1000-gal,38,,Hour,33.08
8582,"Distributor, Asphalt",Miscellaneous 2000G,2000-gal,2000-gal,,PTO,Hour,32.92
8583,"Distributor, Asphalt",Miscellaneous 4000G,4000-gal,4000-gal,,PTO,Hour,58.07
8584,Distributor,Etnyre Chip Spreader,13-FT,13-FT,to 210,,Hour,129.06
8590,"Trailer, Rear Dump","25DU-20 BIG TEX 20? DUMP TRAILER 13 TON 25,000 GVWR 8 20",23.7 CY Dump Trailer,,N/A,,Hour,9.0
8591,"Trailer, Rear Dump",2016 East EAST MANUFACTURING CORP End Dump Trailer,30 CY Dump Trailer,,N/A,,Hour,17.18
8600,"Trailer, Equipment",2025 Big Tex Trailers 16TL Super Duty Tilt Bed Equipment Trailer,"Width: 83"" Length: 20', 22' GVWR: 17,500 lbs Cargo Capacity: 12,560 13,420 lbs",,,,Hour,13.61
8601,"Trailer, Equipment",Kaufman Trailers tri-axle,"30 FT, 62,000 GVWR",,,,Hour,15.8
8602,"Trailer, Equipment",Miscellaneous DROP 3 60,60 ton,,N/A,,Hour,21.05
8603,"Trailer, Equipment",Miscellaneous FLUSH 4 120,120 ton,,N/A,,Hour,33.95
8610,"Trailer, Water",Miscellaneous 1200 4000,4000 gallon,,N/A,,Hour,17.09
8611,"Trailer, Water",Miscellaneous 1200 6000,6000 gallon,,N/A,,Hour,24.45
8612,"Trailer, Water",Miscellaneous 1500 10000,10000 gallon,,N/A,,Hour,30.77
8613,"Trailer, Water",Miscellaneous 1500 14000,14000 gallon,,N/A,,Hour,37.74
8614,Truck - Water Tanker,FREIGHTLINER BUSINESS CLASS M2 106 PLUS,4000 galon tank,,to 300,,Hour,45.16
8621,Tub Grinder,Morbark 1000 Tub Grinder,up to 40 ton per hour,,to 577,,Hour,165.82
8622,Tub Grinder,Morbark 1300 Tub Grinder,up to 80 ton per hour,,to 1050,,Hour,249.83
8623,Tub Grinder,Morbark 1600 Tub Grinder,up to 190 ton per hour,,to 1200,,Hour,352.95
8627,Horizontal Grinder,Vermeer HG6000 Horizontal Grinder,,,630,,Hour,96.28
8628,Stump Grinder,2021 Vermeer SC852,23 IN Cutterwheel Diameter,,74,,Hour,55.28
8629,Stump Grinder,2024 Vermeer SC1052,26 IN Cutterwheel Diameter,,115,,Hour,56.33
8630,"Sprayer, Seed","Reinco HG-5-HA, Trailer Mounted",,,20,,Hour,10.07
8631,"Sprayer, Seed","Reinco HG-10GXA2, Trailer Mounted",,,35,Single Drum,Hour,22.28
8632,"Sprayer, Seed","Reinco HG-30GX, Truck Mounted",,,115,,Hour,50.34
8633,"Mulcher, Trailer Mntd",Finn B70,,,33.5,,Hour,22.32
8634,"Mulcher, Trailer Mntd",Reinco M65,,,54,,Hour,27.99
8635,"Mulcher, Trailer Mntd",Reinco M90,,,115,,Hour,41.38
8636,Scraper,Wirtgen WR2400,,,563,,Hour,492.02
8637,Trailer (Off Highway Bottom Dump),Load King 2842,28.0 cu yd,,,,Hour,25.3
8638,Rake,Barber Beach Sand Rake 600HD,15 feet (5m),,,,Hour,18.73
8639,Chipper,Wildcat 626 Cougar,,,,,Hour,42.44
8640,"Trailer, Office",Miscellaneous 8X24,,,,,Hour,1.99
8641,"Trailer, Office",7 12 Office Trailer,,,,,Hour,2.43
8642,"Trailer, Office",20? Mobile Office Command Trailer w/ AC/Heat (Bathroom Optional),,,,,Hour,14.9
8644,"Trailer, Covered Utility Trailer",7-ft x 16-ft,,,,,Hour,6.29
8645,"Trailer, Shower",12 Station Portable Restrooms Trailer | Luxury Series,,,,,Hour,44.99
8650,Trencher,Seaman-Parsons T20,,,20,,Hour,49.22
8651,Trencher,Seaman-Parsons T500,,,58,,Hour,72.37
8652,Trencher/Ditcher,New Holland B115B (disc. 2012),1.5CY,1.5CY,108,,Hour,73.5
8653,Trencher/Ditcher,New Holland T8.330 (disc. 2014),,,284,,Hour,151.12
8654,Trench Burner,Through-Pu average 10 to 12 Tons per hour,McPherson Systems air curtain destructor,nozzle length- 30 foot.,75,,Hour,20.79
8660,"Plow, Cable",Case MAXI-SNEAKER C (disc. 2003),24-in,24-in,33.5,,Hour,18.74
8661,"Plow, Cable",Seaman-Parsons DP-60,18-in,18-in,82,,Hour,57.52
8662,"Plow, Cable",Seaman-Parsons DP-100,42-in,42-in,110,,Hour,64.42
8670,"Derrick, Hydraulic Digger",Miscellaneous 60/12- Hydraulic Digger Derricks,,,,,Hour,27.09
8671,"Derrick, Hydraulic Digger",Miscellaneous 990/14 - Hydraulic Digger Derricks,,,,,Hour,47.61
8672,Movax SP-60,28-32 ton Head,,,178,,Hour,134.98
8673,"Truck, Concrete Mixer",Mixer Capacity = 13 cy,13-CY,13-CY,285.0,"Saved in EW as 8680-1. Somehow was changed from Truck, Fire Aerial Platform to concrete mixer.",Hour,93.46
8680,"Truck, Fire, Engine Type 1",KME K-180 Side Mount Pumper,"Waterous CSU 1500 GPM FRC InControl Pressure Governor 1000 Gallons Water 20 Gallons Foam Pre-Connects: (2) 1-3/4 Crosslays, (1) 2-1/2 Crosslay and 1-1/2 Front Trashline Discharges: (1) 2-1/2 Left, Right and Rear, (1) LDH Discharge right, Deck Gun TFT Extenda-Gun on Deluge Riser UPF Water Tank",Pump GPM:1500 Tank Size:1000 GA,to 500,,Hour,162.44
8681,"Truck, Fire, Engine Type 2",Freightliner,"Hale QMAX 1500 GPM Top-Mount Pump 1500 Gallon Polypropylene Tank Driver's Side Discharges: (2) 2 1/2"" Front Discharges: (1) 2"" Crosslays/Speedlays: Crosslays: (2) 1 3/4"" Officer's Side Discharge: (2) 2 1/2"" Rear Discharges: (1) 2 1/2"" Driver's Side Suction: (1) 2 1/2"", (1) 6"" Officer's Side Suction: (1) 2 1/2"", (1) 6"" Deck Gun Included",Pump GPM:1500 Tank Size:1500 GA,350,,Hour,115.72
8682,"Truck, Fire, Engine Type 3",Freightliner,,Pump GPM:500 Tank Size:500 GA,350,,Hour,90.66
8683,"Truck, Fire, Engine Type 4",International,,Pump GPM:50-250 Tank Size:800 GA,350,,Hour,81.58
8684,"Truck, Fire, Type 5, 6 & 7",2025 RAM 5500 4 4 Dodge Wildland 4 Door Commercial Cummins 6.7L Diesel Engine Aisin AS69RC Automatic Transmission TOMAR Scorpion full integrated scene/emergency lights,Pump & Tank Hale HPX200 160 GPM Pump 450 Gallon Tank 12 Gallon Foam Cell,Pump GPM:160 Tank Size:450 GA,350,,Hour,82.87
8685,"Truck, Fire, Aerial Ladder",107' Heavy-Duty Aerial Ladder,"Flow Capacity 1,500 gpm Hosebed Capacity 1,000' of 5"" or split load 700' of 5"" & 600' of 3"" hose Ladder Complement Minimum of 115' Ladder Reach 107' Vertical / 100' Horizontal Operating Range -10 to 77 Payload Capacity 750 lb dry / 500 lb wet Pump Range Waterous, Hale, Darley Midship, PTO Tank Up to 500 gallons Wind or Ice Ratings Up to 50 mph winds and 1/4"" of ice",,500,,Hour,260.51
8686,"Truck, Fire, Aerial Platform",110' Heavy-Duty Aerial Platform,"Flow Capacity 1,250 gpm (4,732 L/m) Hosebed Capacity 1,000' (304.8m) of 5"" (12.7cm) or split load 700' (213.4m) of 5"" (12.7cm) & 600' (182.9m) of 3"" (7.6cm) hose Ladder Complement Minimum of 115' (35.1m) Ladder Reach 110' (33.5m) Vertical / 90' (27.4m) Horizontal Operating Range -10 to 77 Payload Capacity 750 lb dry / 500 lb wet (340kg dry/227kg wet) Pump Range Waterous, Hale, Darley Midship, PTO Tank Up to 500 gallons (1,892L) Wind or Ice Ratings Up to 35 mph (56 km/h) winds and .25"" (.64cm) of ice",,500,,Hour,346.39
8687,"Truck, Fire, Articulating Boom",55' or 61' reach (16.76m or 18.59m),"Flow Capacity 1,000 gpm (3,785 L/m) Hosebed Capacity Varies depending on configuration Ladder Complement Minimum of 48' Ladder Reach 55' or 61' (16.76m or 18.59m) Vertical / 45'5"" or 51' (13.84m or 15.55m) Horizontal Operating Range -5 to 85 Payload Capacity 500 lb dry / 250 lb wet Pump Range Waterous, Hale, Darley Midship, PTO Tank Varies depending on configuration Wind or Ice Ratings Up to 20 mph (32km/hr) winds and 1/4"" (.64cm) of ice",,500,,Hour,260.51
8688,"Truck, Fire, Tractor Ladder",107' Heavy-Duty Tiller Aerial Ladder,"Flow Capacity 1,500 gpm Hosebed Capacity 1,000' of 5"" Ladder Complement Up to 250' (depending on configuration) Ladder Reach 107' Vertical / 100' Horizontal Operating Range -10 to 77 Payload Capacity 750 lb dry / 500 lb wet Pump Range Waterous, Hale, Darley Midship, PTO Tank Up to 300 gallons Wind or Ice Ratings Up to 50 mph winds and 1/4"" of ice",,500,,Hour,289.13
8689,"Truck, Fire, Support Water Tender S1","International HV 613 with an International A-26 engine, 450 HP, and 1750 lb.ft of torque.",,Tank Min Capacity (Gal): 4000 Pump Min Flow (GPM): 300 PSI: 50 Max Refill Time (Mins): 30,450,,Hour,116.08
8690,"Truck, Fire, Support Water Tender S2","F-L M2 106, 360EV HP, 2 Door, Single Axl",,Tank Min Capacity (Gal): 2500 Pump Min Flow (GPM): 200 PSI: 50 Max Refill Time (Mins): 20,360,,Hour,99.79
8691,"Truck, Fire, Support Water Tender S3","F-L M2 106, 360EV HP, 2 Door, Single Axl",,Tank Min Capacity (Gal): 1000 Pump Min Flow (GPM): 200 PSI: 50 Max Refill Time (Mins): 15,360,,Hour,107.7
8692,"Truck, Fire, Tactical Water Tender T1",INTL HV 507 SFA,,Tank Min Capacity (Gal): 2000 Pump Min Flow (GPM): 250 PSI: 150,350,,Hour,98.04
8693,"Truck, Fire, Tactical Water Tender T2",INTL HV 507 SFA,,Tank Min Capacity (Gal): 1000 Pump Min Flow (GPM): 250 PSI: 150,350,,Hour,97.76
8700,"Truck, Flatbed",Miscellaneous 4X2 15KGVW DSL,,,200,,Hour,33.37
8701,"Truck, Flatbed",Miscellaneous 4X2 25KGVW GAS,,,275,,Hour,50.9
8701.1,"Truck, Flatbed",Miscellaneous 4X2 25KGVW DSL,,,200,,Hour,33.69
8702,"Truck, Flatbed",Miscellaneous 4X2 30KGVW DSL,,,217,,Hour,43.0
8703,"Truck, Flatbed",Miscellaneous 6X4 45KGVW DSL,,,380,,Hour,65.09
8708,"Trailer, semi",48ft spread axle flatbed,,,,,Hour,10.38
8709,"Trailer, semi","Enclosed 48ft, 2 axle trailer",,,,,Hour,11.57
8710,"Trailer, semi",,,,,,Hour,11.17
8711,Flat bed utility trailer,Non-Tilt Deck Utility Trailers - TOW 2 1 6,,,NA,,Hour,2.88
8711.1,Sewer Camera Inspection Truck,"2005 FORD Sewer Inspection Trucks, Reefer/Refrigerated Truck, Cutaway-Cube Van - E450",,,,,Hour,16.71
8711.2,Sewer Inspection Camera,"Aries Pathfinder System Control Center, Work Station",,,,,Hour,98.03
8712,"Cleaner, Sewer/Catch Basin",Mongoose Jetters Model 123 Sewer Jetter (12 GPM @ 3000 PSI),"Pump: 12 GPM @ 3000 PSI Tank Capacity: 150 Gallons Engine: 24 hp 690 cc Gas Hose Reel: 3/8"" Hose, 250' Capacity Axle: 3,500lbs (single axle trailer)",Pump: 12 GPM @ 3000 PSI Tank Capacity: 150 Gallons,24,,Hour,19.58
8713,"Cleaner, Sewer/Catch Basin",Mongoose Jetters Model 254 Sewer Jetter (25 GPM @ 4000 PSI),"Tank Capacity: 300-600 gallons Pump: 25 GPM @ 4000 PSI Engine: 74hp Tier IV Turbo Diesel Engine Hose Reel: 5/8"" Hose, 500' Capacity Axle: 7,000lbs",Pump: 25 GPM @ 4000 PSI Tank Capacity: 300-600 gallons,74,,Hour,25.32
8714,Combined Sewer Cleaning,Vacuum Truck 800 Gal Spoils/400 Gal Water,,,74,,Hour,29.07
8714.1,Vector Combine Vaccum Truck,"2014 International 7500 Vactor 2100 Plus Hydro Excavation Vacuum Truck,","12 CY Debris Tank 8"" Suction Hose","13 CY Debris Tank 8"" Suction Hose",310,,Hour,99.66
8714.2,Combined Sewer Cleaning,,1500 gal Water,1500 gal Water,N/A,,Hour,23.75
8714.3,Combined Sewer Cleaning,,500-1500 gals,500-1500 gals,N/A,,Hour,16.44
8714.4,Combined Sewer Cleaning (Accessory,Miscellaneous SH-4/25,4-IN,4-IN,,50-FT of 4-IN hoses @$0.60/Hour for Vac Truck,Hour,0.27
8715,"Truck, Hydro Vac",500-gal debris tank;,,,N/A,,Hour,21.27
8716,Leaf Vac,XtremeVac DCL800SM Series Leaf Loader Truck Mounted,"Aux Engine is a 74 HP John Deere T4F Diesel Engine. Engine Remote Oil Drain. DCL Bottom Exhaust for Box. Wireless CAN Bridge Between Cab and HL Body. 28"" Suction Impeller with (6) 3/8"" Thick T-1 Steel Blades, 3 Groove Power Band Belt Driven, 40 Gallon Poly Fuel Tank. Electronic Engine Controls with Safety Shut Downs. 13"" Clutch Assembly with 2.25"" PTO Shaft and Safety Engagement. 16"" x 144"" Urethane Suction Hose with Steel Nozzle. 1/4"" Thick Skid Deck with Channel Members on Ends.",25 CY,N/A,2024 ODB DCL800SM25HL,Hour,64.6
8719,Litter Picker,Miscellaneous TRAC MOUNT ENG DRIV,Broom Length 72.0 in,,18,,Hour,8.27
8720,"Truck, Dump",2026 FREIGHTLINER BUSINESS CLASS M2 106,7-CY,7-CY,330,,Hour,55.28
8721,"Truck, Dump",2026 FREIGHTLINER BUSINESS CLASS M2 106,9-CY,9-CY,350,,Hour,100.63
8722,"Truck, Dump",2025 FREIGHTLINER BUSINESS CLASS M2 106 PLUS,12-CY,12-CY,350,,Hour,120.74
8723,"Truck, Dump",2025 FREIGHTLINER 108SD,14-CY,14-CY,470,,Hour,122.94
8724,"Truck, Dump",2025 FREIGHTLINER 114SD PLUS,18 CY,18 CY,525,,Hour,147.99
8730,"Truck, Garbage",,,,255,,Hour,62.97
8731,"Truck, Garbage",,,,325,,Hour,69.44
8733,E=BAM Services,,,,,,Hour,3.6
8734,"Attentuator, Safety",Scorpion II TMA Truck Mounted Attenuator,"Weight1,975 lbs (900kg)LengthTravel/Storage 2' 5"" (.74 m)Deployed 12' 10"" (3.93 m)Width8' (2.45 m)HeightTravel/Storage 10' 6"" (3.05 m)Deployed 12"" 1"" (305 mm 24.4 mm)",,,,Hour,4.53
8735,"Truck, Attenuator",2025 MACK MD6,"2025 Mack MD64 with Curry Supply Crash Attenuator Body. Truck equipped with Cummins ISB6.7 300HP, Allison 2500 RDS Automatic 6speed Transmission.",,300,,Hour,4.9
8736,"Truck, Tow","FREIGHTLINER Rollback Tow Truck, Roll Off Truck, Flatbed Truck - BUSINESS CLASS M2 106","FLOOR CAPACITY 20,000LBS WINCH CAPACITY 15,000LBS TOW BAR LIFT 8,000LBS","GVW TOTAL 33,000LBS",350,,Hour,51.83
8744,"Van, Custom",2025 Sprinter Cab Chassis,"Payload Capacity:6,345 to 7,418 lbs Seating Capacity:2-3 Max Available GVWR:11,030 lbs Base Curb Weight:4,685 lbs Max Available GCWR:15,249 lbs Max Towing:7,500 lbs [1]",Wheelbase:170 in,211,,Hour,33.29
8745,Van. Cargo,2025 Sprinter Cargo Van,"Payload Capacity:6,250 lbs Seating Capacity:2-3 Cargo Volume:469 cu ft Max Available GVWR:12,125 lbs Max Towing:7,500 lbs","170"" Extended Wheelbase High Roof",211,,Hour,35.13
8747,"Van, Passenger",2025 Sprinter Passenger Van,"Payload Capacity:3,109 lbs Seating Capacity:15 Cargo Volume:117 cu ft Max Available GVWR:9,480 lbs",15 Passenger,211,,Hour,27.9
8748,"Van, Small Cargo",2025 Metris Cargo Van,"Payload Capacity:2,150 lbs Seating Capacity:2 Towing Capacity:5,000 lbs [1] Cargo Volume:199.2",Wheelbase:135 in,208,,Hour,23.42
8749,"Van, Small Passenger",2025 Metris Passenger Van,"Payload Capacity:1,720 lbs Seating Capacity:8 Cargo Volume:37.43 Cu. Ft",8 Passenger,208,,Hour,23.86
8750,"Vehicle, Small",,,,,,Hour,8.22
8753,"Vehicle, Recreational",,,,,,Hour,5.13
8754,Motor Coach,"GVW=50534, 56 Passenger + 1-Driver",,,430,,Hour,82.69
8755,Golf Cart,,,,,,Hour,6.68
8761,"Vibrator, Concrete",Miscellaneous 2-7/21 - Motor-in-Head,,,2,Added from EW,Hour,1.79
8770,"Welder, Portable",Miller Bobcat 230 (Kohler) Engine Driven Welder 907824,"Output Range DC stick 20 230 A MIG/flux-cored 14 25 V Auxiliary Power Output Rated at 104 F (40 C) 11,000 watts peak, 9,500 watts continuous",,,,Hour,5.33
8771,"Welder, Portable",Miscellaneous DIESEL 300 DC-CC,,33,33,Added from EW,Hour,10.98
8772,"Welder, Portable",Miller Big Blue 600 Pro (Kubota) Deluxe w/ArcReach 907737001,"Output Range DC stick/TIG 20 600 A DC MIG/FCAW 15 50 V Auxiliary Output Rated at 104 F (40 C) 3-phase 27,000 watts peak, 20,000 watts continuous 1-phase 15,000 watts peak, 12,000 watts continuous",,,,Hour,19.79
8773,"Welder, Portable",Miller Big Blue 800 Duo Air Pak (Deutz) Diesel Welder w/WIC & ArcReach,"Output Range Single weld mode CC: 40 800 A, CV: 15 50 V Dual weld mode CC: 20 400 A, CV: 15 50 V Auxiliary Output Rated at 104 F (40 C) 3-phase 27,000 watts peak, 20,000 watts continuous 1-phase 15,000 watts peak, 12,000 watts continuous",,,,Hour,20.17
8780,"Truck, Water",Miscellaneous DSL 4X2 2500,,2500,150,Added from EW,Hour,35.05
8781,"Truck, Water",Miscellaneous BB2 DSL 6X4 4000 (disc. 1994),,4000,250,Added from EW,Hour,53.72
8789,"Truck, Tractor",FREIGHTLINER BUSINESS CLASS M2 106 PLUS 4X2,,"26,001 - 33,000 pounds",to 350,,Hour,75.13
8790,"Truck, Tractor",FREIGHTLINER BUSINESS CLASS M2 106 6X4,,"33,001 to 52,000 pounds",to 450,,Hour,91.1
8793,Truck,Ford F-450 Cutaway Truck (disc. 2018),,390,390,Added from EW for 2022,Hour,66.13
8794,"Truck, Freight",Dodge Ram Chassis 5500,,275,275,Added from EW for 2022,Hour,27.84
8795,"Truck, backhoe carrier",Miscellaneous 4X2 25KGVW DSL,,380,380,Added from EW for 2022,Hour,34.28
8796,"Truck, freight","Enclosed w/lift gate. Heavy duty, class 7",,,,,Hour,36.72
8797,"Truck, freight",M2-106 4x2 Diesel (disc. 2015),,,250,,Hour,54.34
8800,"Truck, Pickup",Any Size Pick Up Per Mile cost,,,,,Mile,0.7
8801,"Truck, Pickup",Miscellaneous 4X2 1/2 160 CONV DSL,,,160,Added from EW,Hour,17.51
8802,"Truck, Pickup",4X2 1 195 CONV DSL,,,195,Added from EW,Hour,17.45
8803,"Truck, Pickup",4X2 1 1/4 360 CONV DSL,,,360,Added from EW,Hour,27.82
8804,"Truck, Pickup",4X2 1 1/2 300 CONV DIESEL,,,310,Added from EW,Hour,29.09
8805,"Truck, Pickup",Miscellaneous 4X2 1 3/4 360 CONV DSL,,,360,Added from EW. Was 300-HP.,Hour,34.02
8806,"Truck, Pickup",Miscellaneous 4X2 3/4 160 CONV DSL,,,160,Added from EW,Hour,14.48
8807,"Truck, Pickup",Miscellaneous 4X4 3/4 285 CREW GAS,,,285,Added from EW,Hour,18.71
8808,"Truck, Pickup",4X4 1 340 CREW DSL,,,340,Added from EW,Hour,31.54
8809,"Truck, Pickup",4X4 1 1/4 360 CREW GAS,,,360,Added from EW,Hour,35.27
8810,"Truck, Pickup",4X4 1 1/2 362 CREW GAS,,,362,Added from EW,Hour,35.75
8811,"Truck, Pickup",4X4 1 3/4 362 CREW GAS,,,362,Added from EW,Hour,34.59
8822,"Truck, Loader",2023 BARKO 495B,"CSI 264 Ultra Delimber, 48"" Rotobec Grapple, Pitts Hydraulic Trailer, Ground Saw Ready,",,,,Hour,75.83
8823,Chipper- Wood Recycler,2021 BANDIT 2460T BEAST RECYCLER,,,560,,Hour,186.25
8824,Skidder,John Deere 640L-II (2020),,,237,,Hour,114.41
8825,Skidder,John Deere 948L-II (2020),,,300,,Hour,136.8
8840,"Truck, service",,,,,,Hour,46.29
8841,"Truck, fuel",Miscellaneous BB2 Gas 4X2 2000,,,,,Hour,42.54
8842,Mobile Command Center Trailer,,,,,,Hour,182.51
8843,Mobile Command Center Vehicle,GVWR: 54600 lbs,,,up to 550,,Hour,333.86
8844,Mobile Communications Trailer,Multi-purpose Mobile Mast System,"Tower trailer with generator, antena and station repeater.",Up to 60 foot height,,,Hour,13.46
8870,Light Tower,Generac MLT4080 8kW Mobile LED Light Tower,25 FT,25 FT,to 13,Added from EW,Hour,8.71
8871,Light Tower,Generac MLT4200 20kW Mobile Light Tower,25 FT,25 FT,to 40,Added from EW,Hour,5.49
8872,Sand Bagger Machine,Ultimate Bagger Sandbag Filling Machine,1200 Bags per Hour Filling and Sealing,2 Cubic Yard Hopper,,,Hour,42.95
8900,Helicopter,2018 Bell 407 GXI EMS- Ambulance,Ambulace,,,,Hour,2795.22
8901,Helicopter,2018 Bell 407GXi,7 Place Corporate Interior (2) Crew & (5) Passengers,7 Place Corporate Interior (2) Crew & (5) Passengers,,,Hour,1958.83
8902,Helicopter,Leonardo/Agusta Westland AW169,1 person crew and can transport up to 8 passengers,1 person crew and can transport up to 8 passengers,,,Hour,4157.36
8903,Helicopter,Sikorsky S-92,2 person crew and can transport up to 22 passengers.,2 person crew and can transport up to 22 passengers.,,,Hour,6430.46
8904,Helicopter,Sikorsky S-70M Firehawk helicopter,"1,000-gallon belly tank and other firefighting gear.","1,000-gallon belly tank and other firefighting gear.",,,Hour,10310.57
8906,Fixed wing,Cessna Turbo Stationair HD,Maximum Range 703 nm Maximum Cruise Speed 161 ktas Maximum Passengers 6 Maximum Range 703 NM,6 Passenger,,,Hour,661.42
8907,Fixed wing,Cessna Caravan EX,"Maximum Cruise Speed 186 ktas Maximum Passengers 10-14 Maximum Range 1,070 NM",10 to 14 Passengers,,,Hour,1530.01
8914,Fixed wing,Cessna SkyCourier (Passenger),Maximum Cruise Speed 210 ktas Maximum Passengers 19 Maximum Range 920 NM,19 Passenger,,,Hour,2788.54
8915,Fixed wing,Bombardier Challenger 3500 (Jet),"Maximum Cruise Speed 882 KM/H Maximum Passengers 10 Maximum Range 3,400 NM",10 Passenger,,,Hour,7890.84
8916,Fixed wing,Bombardier Global 8000,"Maximum Cruise Speed 940 KM/H Maximum Passengers 19 Maximum Range 8,000 NM",19 Passenger,,,Hour,9604.18
8943,Wire Puller Machine,UD-50 Underground Puller,"Engine 8-10 Hp TBA Fuel Capacity 1.25 gallons Pulling Rope 3/8 in. dia. Steel Cable Reel Capacity 1,500 ft. (3/8 in. dia.) Skid Frame Construction Steel tubing, continuous-weld Wheel Configuration & Tires 14 x 5.5 Drop Center; ST205-75R 14BC Brakes, trailer Electric, Standard",,,,Hour,23.24
8944,Wire Tensioning Machine,HOGG DAVIS OLT-38 BULLWHEEL TENSIONER,"Maximum Continuous Tension of 5,000 lbs @ 4 MPH Bullwheel Diameter 38in Reel Capacity 54in W x 90in D Maximum Reel Weight 8,000 lbs.",,,,Hour,18.33
